pathway,track,subjects,program_code,pathway_id
ARTS & SPORTS SCIENCE,ARTS,"Arabic,Fine Arts,Theatre & Film",AS1001,25211070-b138-4b82-813d-bbb7383a5c1d
ARTS & SPORTS SCIENCE,ARTS,"Biology,Fine Arts,Theatre & Film",AS1002,1cf6be29-e82d-4e59-ac5f-10d4c3da7a22
ARTS & SPORTS SCIENCE,ARTS,"Business Studies,Fine Arts,Theatre & Film",AS1003,84bc8e17-5fb0-4242-b23f-83141081fec4
ARTS & SPORTS SCIENCE,ARTS,"Computer Studies,Fine Arts,Theatre & Film",AS1004,d5d0a13e-fc32-4c57-8e59-65fc1b49fb97
ARTS & SPORTS SCIENCE,ARTS,"Christian Religious Education,Fine Arts,Theatre & Film",AS1005,21d1a140-fd7b-416b-822e-6846af18c3f3
ARTS & SPORTS SCIENCE,ARTS,"Fine Arts,Islamic Religious Education,Theatre & Film",AS1006,e9195e92-74ca-46d7-85fb-d8d1d8fb4b49
ARTS & SPORTS SCIENCE,ARTS,"Fine Arts,Hindu Religious Education,Theatre & Film",AS1007,117ed24b-45eb-4b9f-8145-451f3d1fa4eb
ARTS & SPORTS SCIENCE,ARTS,"Fasihi ya Kiswahili,Fine Arts,Theatre & Film",AS1008,b2058064-6a83-43d4-a5d2-cd9464d88150
ARTS & SPORTS SCIENCE,ARTS,"Fine Arts,French,Theatre & Film",AS1009,4172d17b-38e1-4f57-90f2-36171641fd0e
ARTS & SPORTS SCIENCE,ARTS,"Fine Arts,General Science,Theatre & Film",AS1010,9e5afb89-a210-4195-a0f9-794260762d38
ARTS & SPORTS SCIENCE,ARTS,"Fine Arts,Geography,Theatre & Film",AS1011,583a203e-86e6-4f18-9630-a968a7459b87
ARTS & SPORTS SCIENCE,ARTS,"Fine Arts,German,Theatre & Film",AS1012,256dccd0-2ac2-4303-a2ee-cf9a3289e55a
ARTS & SPORTS SCIENCE,ARTS,"Fine Arts,History & Citizenship,Theatre & Film",AS1013,dfde9d1a-6ef0-4493-bb84-1550dd447014
ARTS & SPORTS SCIENCE,ARTS,"Fine Arts,Literature in English,Theatre & Film",AS1014,de783179-fb25-415c-84d5-815baa1eca82
ARTS & SPORTS SCIENCE,ARTS,"Fine Arts,Mandarine Chinese,Theatre & Film",AS1015,73b73ff2-c284-491e-9754-ade7555d21f4
ARTS & SPORTS SCIENCE,ARTS,"Core Mathematics,Fine Arts,Theatre & Film",AS1016,85982928-c571-41d5-aa33-0f622fd80120
ARTS & SPORTS SCIENCE,ARTS,"Fine Arts,Sports & Recreation,Theatre & Film",AS1017,95eec292-bf4a-4870-bac7-0a3b7348cdb8
ARTS & SPORTS SCIENCE,ARTS,"Arabic,Fine Arts,Music & Dance",AS1018,5e925ff9-47af-46d5-945c-883cb371d3b4
ARTS & SPORTS SCIENCE,ARTS,"Biology,Fine Arts,Music & Dance",AS1019,478dda43-ed6e-4ebc-8a89-e2c6918e6398
ARTS & SPORTS SCIENCE,ARTS,"Business Studies,Fine Arts,Music & Dance",AS1020,ce8f1cd9-1851-47d7-97a7-a9afa658bf40
ARTS & SPORTS SCIENCE,ARTS,"Computer Studies,Fine Arts,Music & Dance",AS1021,04ea6325-cde4-47f3-99cf-33d1e1899d6c
ARTS & SPORTS SCIENCE,ARTS,"Christian Religious Education,Fine Arts,Music & Dance",AS1022,42649098-b096-41cf-be7e-ff47246109bd
ARTS & SPORTS SCIENCE,ARTS,"Fine Arts,Islamic Religious Education,Music & Dance",AS1023,5eb3b9d0-c065-4121-bc98-3b1457a186b4
ARTS & SPORTS SCIENCE,ARTS,"Fine Arts,Hindu Religious Education,Music & Dance",AS1024,72cd7742-15db-4b7b-abcb-00f1b531d65c
ARTS & SPORTS SCIENCE,ARTS,"Fasihi ya Kiswahili,Fine Arts,Music & Dance",AS1025,e95695c9-5c34-4c6a-b48a-4b100bf298e7
ARTS & SPORTS SCIENCE,ARTS,"Fine Arts,French,Music & Dance",AS1026,73b93ab7-989a-4bb5-b955-cefab8b8262c
ARTS & SPORTS SCIENCE,ARTS,"Fine Arts,General Science,Music & Dance",AS1027,0b199478-3e58-48ff-9490-b724c4f514aa
ARTS & SPORTS SCIENCE,ARTS,"Fine Arts,Geography,Music & Dance",AS1028,a29dc94f-ecde-444e-90c2-c42703d008ec
ARTS & SPORTS SCIENCE,ARTS,"Fine Arts,German,Music & Dance",AS1029,2fe4f6d1-7550-4dff-92a3-8e2794185af4
ARTS & SPORTS SCIENCE,ARTS,"Fine Arts,History & Citizenship,Music & Dance",AS1030,5845b8a8-26a5-4737-81b3-2749a76fbb4e
ARTS & SPORTS SCIENCE,ARTS,"Fine Arts,Literature in English,Music & Dance",AS1031,ea58c318-8656-463d-84ce-ac741a65e877
ARTS & SPORTS SCIENCE,ARTS,"Fine Arts,Mandarine Chinese,Music & Dance",AS1032,2b07cc86-b045-4b55-b34f-901140650154
ARTS & SPORTS SCIENCE,ARTS,"Core Mathematics,Fine Arts,Music & Dance",AS1033,f8602807-6d5c-4496-a539-e45073d20b09
ARTS & SPORTS SCIENCE,ARTS,"Fine Arts,Music & Dance,Sports & Recreation",AS1034,e84bf1cd-9a43-4897-a7d2-b15f1e2337bf
ARTS & SPORTS SCIENCE,ARTS,"Fine Arts,Music & Dance,Theatre & Film",AS1035,e8e27a9b-1c21-4aa1-9a8b-d8e5ce732648
ARTS & SPORTS SCIENCE,ARTS,"Arabic,Music & Dance,Theatre & Film",AS1036,20bf2720-d97c-4edc-8995-e075d85f9d17
ARTS & SPORTS SCIENCE,ARTS,"Biology,Music & Dance,Theatre & Film",AS1037,6e0aa423-6244-4b4c-99d9-567f93cce8cc
ARTS & SPORTS SCIENCE,ARTS,"Business Studies,Music & Dance,Theatre & Film",AS1038,0ec48bc5-f9f8-4206-a66f-abb8f82226d2
ARTS & SPORTS SCIENCE,ARTS,"Computer Studies,Music & Dance,Theatre & Film",AS1039,5ae0f44c-86c5-4f6b-8935-dc00f110fdba
ARTS & SPORTS SCIENCE,ARTS,"Christian Religious Education,Music & Dance,Theatre & Film",AS1040,6f358501-7d51-4e78-bdd2-c2d010339722
ARTS & SPORTS SCIENCE,ARTS,"Islamic Religious Education,Music & Dance,Theatre & Film",AS1041,dfafa540-611b-4a79-8da6-4f914c148e5f
ARTS & SPORTS SCIENCE,ARTS,"Hindu Religious Education,Music & Dance,Theatre & Film",AS1042,155de7e2-d7e4-4795-a0f8-884b4313667d
ARTS & SPORTS SCIENCE,ARTS,"Fasihi ya Kiswahili,Music & Dance,Theatre & Film",AS1043,289d9aef-83df-4170-a5fe-c8d75c156052
ARTS & SPORTS SCIENCE,ARTS,"French,Music & Dance,Theatre & Film",AS1044,2cc8d410-4d62-41b3-9954-60b85814afff
ARTS & SPORTS SCIENCE,ARTS,"General Science,Music & Dance,Theatre & Film",AS1045,7eec581e-1c2b-4cfa-8a2a-34e46061998e
ARTS & SPORTS SCIENCE,ARTS,"Geography,Music & Dance,Theatre & Film",AS1046,9f9c1f35-e7c2-47b0-be14-568f4524c5b4
ARTS & SPORTS SCIENCE,ARTS,"German,Music & Dance,Theatre & Film",AS1047,6f306f53-8050-44c8-8edc-6d245c87af83
ARTS & SPORTS SCIENCE,ARTS,"History & Citizenship,Music & Dance,Theatre & Film",AS1048,2222cb6a-6034-4125-a2a6-3848f1ee7ebb
ARTS & SPORTS SCIENCE,ARTS,"Literature in English,Music & Dance,Theatre & Film",AS1049,0a667d78-92ce-4403-b0c4-5946aba878bc
ARTS & SPORTS SCIENCE,ARTS,"Mandarine Chinese,Music & Dance,Theatre & Film",AS1050,73542ef5-0f6c-43d4-99ba-3ff8e1e83cfb
ARTS & SPORTS SCIENCE,ARTS,"Core Mathematics,Music & Dance,Theatre & Film",AS1051,ab0483b1-bfdc-4149-b879-9eefd9964e2d
ARTS & SPORTS SCIENCE,ARTS,"Music & Dance,Sports & Recreation,Theatre & Film",AS1052,ab4c90a2-f17c-4bf3-8aae-f29b32384782
ARTS & SPORTS SCIENCE,SPORTS,"Arabic,Biology,Sports & Recreation",AS2001,54bb66b9-13fc-42df-80c1-2e51431a318c
ARTS & SPORTS SCIENCE,SPORTS,"Biology,Business Studies,Sports & Recreation",AS2002,8ef4f9a2-2bf9-42a8-95cf-5da7a7124424
ARTS & SPORTS SCIENCE,SPORTS,"Biology,Computer Studies,Sports & Recreation",AS2003,47647e5c-9ef1-4435-bb22-16702321dd6e
ARTS & SPORTS SCIENCE,SPORTS,"Biology,Christian Religious Education,Sports & Recreation",AS2004,df9748d2-99aa-4f36-a74b-f1aa5bb97b5c
ARTS & SPORTS SCIENCE,SPORTS,"Biology,Hindu Religious Education,Sports & Recreation",AS2005,69db0ad6-b28f-4ac1-a336-374cfb1fa9da
ARTS & SPORTS SCIENCE,SPORTS,"Biology,Islamic Religious Education,Sports & Recreation",AS2006,06ecebc9-01c4-4821-b963-e768e795d18a
ARTS & SPORTS SCIENCE,SPORTS,"Biology,Fasihi ya Kiswahili,Sports & Recreation",AS2007,a921868e-2059-45de-994d-917d275e3a27
ARTS & SPORTS SCIENCE,SPORTS,"Biology,French,Sports & Recreation",AS2008,c036b5a2-4115-4ae3-89da-2b595938cf44
ARTS & SPORTS SCIENCE,SPORTS,"Biology,Geography,Sports & Recreation",AS2009,000d9223-9952-4ad5-849e-e7988ea758ad
ARTS & SPORTS SCIENCE,SPORTS,"Biology,German,Sports & Recreation",AS2010,be0ba607-5948-4e89-8daf-b79797149466
ARTS & SPORTS SCIENCE,SPORTS,"Biology,History & Citizenship,Sports & Recreation",AS2011,072ba448-2153-47eb-9a84-9094531af7e8
ARTS & SPORTS SCIENCE,SPORTS,"Biology,Literature in English,Sports & Recreation",AS2012,b1ba2060-324f-423e-b690-4bec8b744831
ARTS & SPORTS SCIENCE,SPORTS,"Biology,Mandarine Chinese,Sports & Recreation",AS2013,2972bb34-c50d-4f16-ad9c-170ae9d83bad
ARTS & SPORTS SCIENCE,SPORTS,"Core Mathematics,Biology,Sports & Recreation",AS2014,7ae97b77-4344-4bdd-9e9f-5bb3fedc2bae
ARTS & SPORTS SCIENCE,SPORTS,"Biology,Media Technology,Sports & Recreation",AS2015,c40b21a9-762e-4457-b744-e1103026c0f8
ARTS & SPORTS SCIENCE,SPORTS,"Arabic,General Science,Sports & Recreation",AS2016,ed24cc7a-adfb-4f4a-a892-df4dd6694a28
ARTS & SPORTS SCIENCE,SPORTS,"Business Studies,General Science,Sports & Recreation",AS2017,8801560c-d2f2-4385-a87c-d4828d27acdf
ARTS & SPORTS SCIENCE,SPORTS,"Computer Studies,General Science,Sports & Recreation",AS2018,954be4ab-44c6-4b5e-b652-ef9028d4f1d3
ARTS & SPORTS SCIENCE,SPORTS,"Christian Religious Education,General Science,Sports & Recreation",AS2019,d21eb48b-4f66-4d67-b168-52d9700eed0f
ARTS & SPORTS SCIENCE,SPORTS,"General Science,Islamic Religious Education,Sports & Recreation",AS2020,76b407aa-e901-4dc9-9cf6-6719a7b28803
ARTS & SPORTS SCIENCE,SPORTS,"General Science,Hindu Religious Education,Sports & Recreation",AS2021,4839ebfc-ec8d-487c-bd36-5a8b7c22ce76
ARTS & SPORTS SCIENCE,SPORTS,"Fasihi ya Kiswahili,General Science,Sports & Recreation",AS2022,e3daa9c5-7e0b-4c55-a866-17768506c20b
ARTS & SPORTS SCIENCE,SPORTS,"French,General Science,Sports & Recreation",AS2023,e8cb9669-b7b3-41b3-9cf5-34aafaff6c28
ARTS & SPORTS SCIENCE,SPORTS,"General Science,Geography,Sports & Recreation",AS2024,90101787-465a-4523-bbf2-fb4c23fd51e1
ARTS & SPORTS SCIENCE,SPORTS,"General Science,German,Sports & Recreation",AS2025,ba671f60-8f58-411f-85f8-30b3d9049e92
ARTS & SPORTS SCIENCE,SPORTS,"General Science,History & Citizenship,Sports & Recreation",AS2026,18bca9ad-6730-4b2b-9435-513337f38fca
ARTS & SPORTS SCIENCE,SPORTS,"General Science,Literature in English,Sports & Recreation",AS2027,0fabcd9a-4c7e-4852-8dfa-deacfe002c12
ARTS & SPORTS SCIENCE,SPORTS,"General Science,Mandarine Chinese,Sports & Recreation",AS2028,9613d888-e2e3-46ea-8a0f-93cf02e8ad04
ARTS & SPORTS SCIENCE,SPORTS,"Core Mathematics,General Science,Sports & Recreation",AS2029,2f81665d-8d4e-4fd7-a1fd-5b4183d2138a
ARTS & SPORTS SCIENCE,SPORTS,"General Science,Media Technology,Sports & Recreation",AS2030,65aa7de4-d815-42e9-b786-2de509eb467c
SOCIAL SCIENCES,HUMANITIES & BUSINESS STUDIES,"Business Studies,Christian Religious Education,Geography",SS2001,f0655b21-c49e-49a9-b4af-1bd743e72bba
SOCIAL SCIENCES,HUMANITIES & BUSINESS STUDIES,"Business Studies,German,Hindu Religious Education",SS2002,0dc616f6-4e30-4684-ac75-49ed17e8fdf6
SOCIAL SCIENCES,HUMANITIES & BUSINESS STUDIES,"Business Studies,German,Islamic Religious Education",SS2003,1d0468ad-6245-4d9e-8501-1766eff6b4a8
SOCIAL SCIENCES,HUMANITIES & BUSINESS STUDIES,"Geography,History & Citizenship,Literature in English",SS2004,1ba17c5c-a821-4c4f-a809-8c450880c98b
SOCIAL SCIENCES,HUMANITIES & BUSINESS STUDIES,"Business Studies,Christian Religious Education,German",SS2005,57e1db7c-9517-49f2-a107-adcd3bca9753
SOCIAL SCIENCES,HUMANITIES & BUSINESS STUDIES,"Business Studies,Hindu Religious Education,History & Citizenship",SS2006,7c9cf114-abd1-4f74-a40e-3d4450deb351
SOCIAL SCIENCES,HUMANITIES & BUSINESS STUDIES,"Business Studies,History & Citizenship,Islamic Religious Education",SS2007,e3610803-b808-4091-9ace-83633a8544bd
SOCIAL SCIENCES,HUMANITIES & BUSINESS STUDIES,"Business Studies,Christian Religious Education,History & Citizenship",SS2008,9a86cc0f-0146-481e-ab63-2a9237fe79cb
SOCIAL SCIENCES,HUMANITIES & BUSINESS STUDIES,"Business Studies,Christian Religious Education,Literature in English",SS2009,9e50390d-29c3-48c1-ac9a-8a9787d2618a
SOCIAL SCIENCES,HUMANITIES & BUSINESS STUDIES,"Geography,German,History & Citizenship",SS2010,69a1311c-a14e-47ca-90aa-f600ac49bc37
SOCIAL SCIENCES,HUMANITIES & BUSINESS STUDIES,"Business Studies,Islamic Religious Education,Literature in English",SS2011,d23ac15e-66bc-4ee9-9377-c13322bb037b
SOCIAL SCIENCES,HUMANITIES & BUSINESS STUDIES,"Business Studies,Hindu Religious Education,Literature in English",SS2012,5971c0bf-9d29-4b61-9988-326df03f87cc
SOCIAL SCIENCES,HUMANITIES & BUSINESS STUDIES,"General Science,Geography,History & Citizenship",SS2013,2c54b2f0-b14e-4769-b113-3952761ef940
SOCIAL SCIENCES,HUMANITIES & BUSINESS STUDIES,"Business Studies,Hindu Religious Education,Mandarine Chinese",SS2014,c8ae83f2-c8e2-4df6-8176-555447ab834c
SOCIAL SCIENCES,HUMANITIES & BUSINESS STUDIES,"Business Studies,Islamic Religious Education,Mandarine Chinese",SS2015,cbed7874-e773-422f-af03-9ea18000f43e
SOCIAL SCIENCES,HUMANITIES & BUSINESS STUDIES,"French,Geography,History & Citizenship",SS2016,d806fd33-3fbb-48d8-bf8d-e5f2edc130e9
SOCIAL SCIENCES,HUMANITIES & BUSINESS STUDIES,"Business Studies,Christian Religious Education,Mandarine Chinese",SS2017,812fa74e-e971-4418-b361-f5528abdff51
SOCIAL SCIENCES,HUMANITIES & BUSINESS STUDIES,"Fasihi ya Kiswahili,Geography,History & Citizenship",SS2018,3e0c644d-1ae8-452e-8620-402ed0a0b857
SOCIAL SCIENCES,HUMANITIES & BUSINESS STUDIES,"Christian Religious Education,Geography,History & Citizenship",SS2019,04c1e4c6-4212-4a58-8b12-4a23a817b5d4
SOCIAL SCIENCES,HUMANITIES & BUSINESS STUDIES,"Geography,Hindu Religious Education,History & Citizenship",SS2020,c995a2fb-bb01-40e9-8289-63f7d84cee79
SOCIAL SCIENCES,HUMANITIES & BUSINESS STUDIES,"Core Mathematics,Business Studies,Christian Religious Education",SS2021,ae6c99e3-b495-4d6f-b884-0c23305651bf
SOCIAL SCIENCES,HUMANITIES & BUSINESS STUDIES,"Geography,History & Citizenship,Islamic Religious Education",SS2022,d477b973-398d-46b5-a977-fb099c87aa45
SOCIAL SCIENCES,HUMANITIES & BUSINESS STUDIES,"Core Mathematics,Business Studies,Islamic Religious Education",SS2023,b86435d7-2c06-40bd-82ae-93efd14ae0b5
SOCIAL SCIENCES,HUMANITIES & BUSINESS STUDIES,"Computer Studies,Geography,History & Citizenship",SS2024,126a4348-1f63-42b7-918c-848bc5cfa41e
SOCIAL SCIENCES,HUMANITIES & BUSINESS STUDIES,"Business Studies,Geography,History & Citizenship",SS2025,72408fc3-0cf1-4928-882d-14e551bfe8c0
SOCIAL SCIENCES,HUMANITIES & BUSINESS STUDIES,"Arabic,Geography,History & Citizenship",SS2026,4abec2d8-e897-4381-adc5-003d890e90f8
SOCIAL SCIENCES,HUMANITIES & BUSINESS STUDIES,"Core Mathematics,Business Studies,Hindu Religious Education",SS2027,4bb0574a-302e-43c4-815b-137766462cf1
SOCIAL SCIENCES,HUMANITIES & BUSINESS STUDIES,"Arabic,Christian Religious Education,Geography",SS2029,6c6ddfd2-dbe6-4d1d-af7f-01d83103be85
SOCIAL SCIENCES,HUMANITIES & BUSINESS STUDIES,"Arabic,Geography,Islamic Religious Education",SS2030,cbbe332f-a38e-4872-b594-85598dd62395
SOCIAL SCIENCES,HUMANITIES & BUSINESS STUDIES,"Arabic,Geography,Hindu Religious Education",SS2031,7afe1907-54f1-46e2-9880-44ac0cdd233e
SOCIAL SCIENCES,HUMANITIES & BUSINESS STUDIES,"Computer Studies,Geography,Hindu Religious Education",SS2032,90997997-7d93-4328-9e60-629bf04fd930
SOCIAL SCIENCES,HUMANITIES & BUSINESS STUDIES,"Computer Studies,Geography,Islamic Religious Education",SS2033,017eb67f-85db-4e78-939c-2a9b1b3d56b6
SOCIAL SCIENCES,HUMANITIES & BUSINESS STUDIES,"Christian Religious Education,Computer Studies,Geography",SS2034,acd88a47-5b07-478e-80da-a9862d6a9195
SOCIAL SCIENCES,HUMANITIES & BUSINESS STUDIES,"Christian Religious Education,Fasihi ya Kiswahili,Geography",SS2035,4725d9e6-8308-45f0-9fcb-eb3685f2257d
SOCIAL SCIENCES,HUMANITIES & BUSINESS STUDIES,"Fasihi ya Kiswahili,Geography,Islamic Religious Education",SS2036,fa0bf89e-ecb4-4a11-ab4f-419cbea2f77e
SOCIAL SCIENCES,HUMANITIES & BUSINESS STUDIES,"Fasihi ya Kiswahili,Geography,Hindu Religious Education",SS2037,c98f163f-b1cb-42cd-b6e5-6f689fcad0da
SOCIAL SCIENCES,HUMANITIES & BUSINESS STUDIES,"French,Geography,Hindu Religious Education",SS2038,9bd6a677-2e56-455b-8582-4bdceee60b10
SOCIAL SCIENCES,HUMANITIES & BUSINESS STUDIES,"French,Geography,Islamic Religious Education",SS2039,2d924a08-24a8-41f9-a674-35f617e16324
SOCIAL SCIENCES,HUMANITIES & BUSINESS STUDIES,"Christian Religious Education,French,Geography",SS2040,d66500b5-baf8-40d3-8751-dbd772ea4a19
SOCIAL SCIENCES,HUMANITIES & BUSINESS STUDIES,"General Science,Geography,Hindu Religious Education",SS2041,1060e861-aa98-4e65-8757-d079323ba797
SOCIAL SCIENCES,HUMANITIES & BUSINESS STUDIES,"General Science,Geography,Islamic Religious Education",SS2042,219cbf7e-17f8-48f5-af7a-d5bf7a0dd15d
SOCIAL SCIENCES,HUMANITIES & BUSINESS STUDIES,"Christian Religious Education,General Science,Geography",SS2043,e81f3b10-6e0f-4255-8c3b-e1437c2fe2e0
SOCIAL SCIENCES,HUMANITIES & BUSINESS STUDIES,"Geography,German,Hindu Religious Education",SS2044,2cf14031-7d0d-4cd6-bc0b-6712ca1ef635
SOCIAL SCIENCES,HUMANITIES & BUSINESS STUDIES,"Geography,German,Islamic Religious Education",SS2045,f14ba26e-284e-4881-af20-6d9dcbf44761
SOCIAL SCIENCES,HUMANITIES & BUSINESS STUDIES,"Christian Religious Education,Geography,German",SS2046,9fbc5c5c-566f-45c7-a8c2-eb3dc3b0b8fb
SOCIAL SCIENCES,HUMANITIES & BUSINESS STUDIES,"Christian Religious Education,Geography,Literature in English",SS2047,6d1bc72a-9bc4-41b4-ab83-7f51d55eba47
SOCIAL SCIENCES,HUMANITIES & BUSINESS STUDIES,"Geography,Islamic Religious Education,Literature in English",SS2048,a65956e3-18c3-48f9-8bb4-3fb1a5517244
SOCIAL SCIENCES,HUMANITIES & BUSINESS STUDIES,"Geography,Hindu Religious Education,Literature in English",SS2049,c0990f2b-c995-406e-8cac-75b3d9f91d6d
SOCIAL SCIENCES,HUMANITIES & BUSINESS STUDIES,"Christian Religious Education,Geography,Mandarine Chinese",SS2050,01da4094-b5ea-490a-82e4-08c87425da72
SOCIAL SCIENCES,HUMANITIES & BUSINESS STUDIES,"Geography,Islamic Religious Education,Mandarine Chinese",SS2051,a2b24029-bf0a-4532-bf91-60e8fd571821
SOCIAL SCIENCES,HUMANITIES & BUSINESS STUDIES,"Geography,Hindu Religious Education,Mandarine Chinese",SS2052,60791bac-ed83-4718-8320-68f2de5149e1
SOCIAL SCIENCES,HUMANITIES & BUSINESS STUDIES,"Core Mathematics,Christian Religious Education,Geography",SS2053,eb4d3197-a0f8-49b6-a7d7-5db337be6afc
SOCIAL SCIENCES,HUMANITIES & BUSINESS STUDIES,"Core Mathematics,Geography,Islamic Religious Education",SS2054,ac7baa16-f3f3-4c61-8c31-633f7ca962c9
SOCIAL SCIENCES,HUMANITIES & BUSINESS STUDIES,"Core Mathematics,Geography,Hindu Religious Education",SS2055,07f5dc86-9ca9-4476-ba62-f202ed259d61
SOCIAL SCIENCES,HUMANITIES & BUSINESS STUDIES,"Core Mathematics,Business Studies,Geography",SS2056,1c725251-07d2-462c-b932-eb4061441e59
SOCIAL SCIENCES,HUMANITIES & BUSINESS STUDIES,"Arabic,Christian Religious Education,History & Citizenship",SS2057,19659744-fb9c-4331-89d8-6cceebef6af7
SOCIAL SCIENCES,HUMANITIES & BUSINESS STUDIES,"Arabic,History & Citizenship,Islamic Religious Education",SS2058,c00a2951-1569-4268-bbe2-b934b8f8263a
SOCIAL SCIENCES,HUMANITIES & BUSINESS STUDIES,"Arabic,Hindu Religious Education,History & Citizenship",SS2059,c76a23f3-20f9-43f1-96b0-c1ef7bffc779
SOCIAL SCIENCES,HUMANITIES & BUSINESS STUDIES,"Business Studies,Geography,Mandarine Chinese",SS2060,ee02d314-ba5c-425c-a48f-434fedfe4acb
SOCIAL SCIENCES,HUMANITIES & BUSINESS STUDIES,"Business Studies,Geography,Literature in English",SS2061,09db34a6-07dd-46e4-a173-b576a66a00b9
SOCIAL SCIENCES,HUMANITIES & BUSINESS STUDIES,"Computer Studies,Hindu Religious Education,History & Citizenship",SS2062,5677c93a-02f6-4f80-8b06-4aeeb5b58bcc
SOCIAL SCIENCES,HUMANITIES & BUSINESS STUDIES,"Computer Studies,History & Citizenship,Islamic Religious Education",SS2063,943883e6-50c1-418f-a16e-c8894c3a5d29
SOCIAL SCIENCES,HUMANITIES & BUSINESS STUDIES,"Christian Religious Education,Computer Studies,History & Citizenship",SS2064,366ab249-ef83-4f96-989f-a76fcaddcf52
SOCIAL SCIENCES,HUMANITIES & BUSINESS STUDIES,"Business Studies,Geography,Indigenous Language",SS2065,1c624205-51ce-4bf9-9ad7-19cc2362b79a
SOCIAL SCIENCES,HUMANITIES & BUSINESS STUDIES,"Business Studies,Geography,German",SS2066,cbe8cd67-e3bd-471e-a8ee-33d7823fcfa7
SOCIAL SCIENCES,HUMANITIES & BUSINESS STUDIES,"Business Studies,General Science,Geography",SS2067,d7ae7ed8-e0e2-4192-aa35-859b64192592
SOCIAL SCIENCES,HUMANITIES & BUSINESS STUDIES,"Business Studies,French,Geography",SS2068,c3bd046f-8fd3-4f81-a55f-19d16bab78b4
SOCIAL SCIENCES,HUMANITIES & BUSINESS STUDIES,"Christian Religious Education,Fasihi ya Kiswahili,History & Citizenship",SS2069,2f2087a8-4333-4e03-b19c-3e0e99a3149e
SOCIAL SCIENCES,HUMANITIES & BUSINESS STUDIES,"Fasihi ya Kiswahili,History & Citizenship,Islamic Religious Education",SS2070,8d5d4e05-e8db-4d79-b02c-275f20106cf2
SOCIAL SCIENCES,HUMANITIES & BUSINESS STUDIES,"Fasihi ya Kiswahili,Hindu Religious Education,History & Citizenship",SS2071,26c97e57-66ed-4251-9eb6-52641f391048
SOCIAL SCIENCES,HUMANITIES & BUSINESS STUDIES,"French,Hindu Religious Education,History & Citizenship",SS2072,f603b41a-dc6e-4c9f-9339-7e7718cc6d7a
SOCIAL SCIENCES,HUMANITIES & BUSINESS STUDIES,"Business Studies,Fasihi ya Kiswahili,Geography",SS2073,dac1ed9b-6bfd-492b-bf68-90751bbc1db0
SOCIAL SCIENCES,HUMANITIES & BUSINESS STUDIES,"French,History & Citizenship,Islamic Religious Education",SS2074,6bd22d5b-b89d-40f4-a866-c3e829f3e160
SOCIAL SCIENCES,HUMANITIES & BUSINESS STUDIES,"Christian Religious Education,French,History & Citizenship",SS2075,fc980ff2-f0b6-4b05-aa75-7c928f0155b8
SOCIAL SCIENCES,HUMANITIES & BUSINESS STUDIES,"Christian Religious Education,General Science,History & Citizenship",SS2076,82bf623a-4786-4547-b6a9-96699871c04f
SOCIAL SCIENCES,HUMANITIES & BUSINESS STUDIES,"General Science,History & Citizenship,Islamic Religious Education",SS2077,43008954-2958-489f-800b-f627b49c8433
SOCIAL SCIENCES,HUMANITIES & BUSINESS STUDIES,"General Science,Hindu Religious Education,History & Citizenship",SS2078,e3581d34-db72-4015-a69c-c90098725fe9
SOCIAL SCIENCES,HUMANITIES & BUSINESS STUDIES,"Christian Religious Education,German,History & Citizenship",SS2079,8e486ca8-d518-4848-9976-f32d1f4907c0
SOCIAL SCIENCES,HUMANITIES & BUSINESS STUDIES,"German,History & Citizenship,Islamic Religious Education",SS2080,45fd2e30-e31b-4ce0-8fd2-6597c6473b2d
SOCIAL SCIENCES,HUMANITIES & BUSINESS STUDIES,"German,Hindu Religious Education,History & Citizenship",SS2081,c56e201c-1dd9-474d-a851-605656563807
SOCIAL SCIENCES,HUMANITIES & BUSINESS STUDIES,"Christian Religious Education,History & Citizenship,Literature in English",SS2082,c230c7f4-4968-43c6-9a2c-b14d1864ac23
SOCIAL SCIENCES,HUMANITIES & BUSINESS STUDIES,"History & Citizenship,Islamic Religious Education,Literature in English",SS2083,4bd6e1b3-e987-46fe-9587-4bd6d65a9274
SOCIAL SCIENCES,HUMANITIES & BUSINESS STUDIES,"Arabic,Business Studies,Geography",SS2084,cef9471c-e510-4674-b725-ce248b60a7b2
SOCIAL SCIENCES,HUMANITIES & BUSINESS STUDIES,"Hindu Religious Education,History & Citizenship,Literature in English",SS2085,8aa8e88c-14f8-44f8-9914-fe10f2b45939
SOCIAL SCIENCES,HUMANITIES & BUSINESS STUDIES,"Hindu Religious Education,History & Citizenship,Mandarine Chinese",SS2086,367f079b-258c-418a-b070-c88dd1062dc3
SOCIAL SCIENCES,HUMANITIES & BUSINESS STUDIES,"History & Citizenship,Islamic Religious Education,Mandarine Chinese",SS2087,4b06c6f7-39f5-4daf-aa6f-0dbc24d9e9b3
SOCIAL SCIENCES,HUMANITIES & BUSINESS STUDIES,"Christian Religious Education,History & Citizenship,Mandarine Chinese",SS2088,b69b6ffa-ca87-4151-8368-0e6c9d045faa
SOCIAL SCIENCES,HUMANITIES & BUSINESS STUDIES,"Core Mathematics,Christian Religious Education,History & Citizenship",SS2089,93f509ee-7421-4e4a-9e40-61821188cea1
SOCIAL SCIENCES,HUMANITIES & BUSINESS STUDIES,"Core Mathematics,History & Citizenship,Islamic Religious Education",SS2090,9fef0a70-bc50-4a5a-8447-84e4ae585b04
SOCIAL SCIENCES,HUMANITIES & BUSINESS STUDIES,"Core Mathematics,Hindu Religious Education,History & Citizenship",SS2091,218b2861-9c6f-47b1-a547-28faa620a5a2
SOCIAL SCIENCES,HUMANITIES & BUSINESS STUDIES,"Geography,History & Citizenship,Mandarine Chinese",SS2092,16c2dde5-92fb-4171-9534-375ea927586b
SOCIAL SCIENCES,HUMANITIES & BUSINESS STUDIES,"Core Mathematics,Geography,History & Citizenship",SS2093,94b69791-fc55-4dd9-b018-1c132ea448a1
SOCIAL SCIENCES,HUMANITIES & BUSINESS STUDIES,"Arabic,Business Studies,History & Citizenship",SS2094,49237051-a11f-4239-a540-1505a5e0288f
SOCIAL SCIENCES,HUMANITIES & BUSINESS STUDIES,"Business Studies,Computer Studies,History & Citizenship",SS2095,9e975bc0-f11e-4c54-8dc9-1236814fc92a
SOCIAL SCIENCES,HUMANITIES & BUSINESS STUDIES,"Business Studies,Fasihi ya Kiswahili,History & Citizenship",SS2096,e97234b6-e7bb-41b1-871f-990d50a87e4c
SOCIAL SCIENCES,HUMANITIES & BUSINESS STUDIES,"Business Studies,French,History & Citizenship",SS2097,4b9ed172-d92b-4006-8581-0fc68321a25e
SOCIAL SCIENCES,HUMANITIES & BUSINESS STUDIES,"Business Studies,General Science,History & Citizenship",SS2098,68e8fe59-fa6c-4c8d-a202-daf5b32e7b33
SOCIAL SCIENCES,HUMANITIES & BUSINESS STUDIES,"Business Studies,German,History & Citizenship",SS2099,09516186-5e48-49e8-8d52-edb2ba56f117
SOCIAL SCIENCES,HUMANITIES & BUSINESS STUDIES,"Business Studies,History & Citizenship,Literature in English",SS2100,2178dc0f-4125-404a-813c-f3329fc73215
SOCIAL SCIENCES,HUMANITIES & BUSINESS STUDIES,"Business Studies,History & Citizenship,Mandarine Chinese",SS2101,24a4aa7e-3ecb-4bac-87e9-18376f48f852
SOCIAL SCIENCES,HUMANITIES & BUSINESS STUDIES,"Core Mathematics,Business Studies,History & Citizenship",SS2102,dd472d60-118b-4431-8a42-6c5fd0d84a17
SOCIAL SCIENCES,HUMANITIES & BUSINESS STUDIES,"Arabic,Business Studies,Christian Religious Education",SS2103,418616e8-d56a-452d-9f79-4d4e9c6c73a5
SOCIAL SCIENCES,HUMANITIES & BUSINESS STUDIES,"Arabic,Business Studies,Islamic Religious Education",SS2104,c9a75d44-28b3-4a49-8a5e-7c5010e9bf3f
SOCIAL SCIENCES,HUMANITIES & BUSINESS STUDIES,"Arabic,Business Studies,Hindu Religious Education",SS2105,79b03075-7174-41c3-bb10-e2225f3b8b19
SOCIAL SCIENCES,HUMANITIES & BUSINESS STUDIES,"Business Studies,Christian Religious Education,Computer Studies",SS2106,9f7133f5-1d44-46a7-a005-ca49d382b392
SOCIAL SCIENCES,HUMANITIES & BUSINESS STUDIES,"Business Studies,Computer Studies,Islamic Religious Education",SS2107,e64c7fd8-ff22-42c6-b160-6703fa529e01
SOCIAL SCIENCES,HUMANITIES & BUSINESS STUDIES,"Business Studies,Computer Studies,Hindu Religious Education",SS2108,bb2308a0-2999-478b-97f9-3af1bc16f498
SOCIAL SCIENCES,HUMANITIES & BUSINESS STUDIES,"Business Studies,Christian Religious Education,Fasihi ya Kiswahili",SS2109,3e304224-d35c-4fec-afab-5768857dd07a
SOCIAL SCIENCES,HUMANITIES & BUSINESS STUDIES,"Business Studies,Fasihi ya Kiswahili,Islamic Religious Education",SS2110,21cece19-470f-4de9-a66e-6ec7363467ee
SOCIAL SCIENCES,HUMANITIES & BUSINESS STUDIES,"Business Studies,Fasihi ya Kiswahili,Hindu Religious Education",SS2111,da94fe68-43c1-4122-83c1-d0e230af4f0d
SOCIAL SCIENCES,HUMANITIES & BUSINESS STUDIES,"Business Studies,Christian Religious Education,French",SS2112,059e3ab3-bdcb-4a78-891e-6f4a98af99a5
SOCIAL SCIENCES,HUMANITIES & BUSINESS STUDIES,"Business Studies,French,Islamic Religious Education",SS2113,c375bf2d-4cbb-4dd9-a2f4-f13ff1cfe80d
SOCIAL SCIENCES,HUMANITIES & BUSINESS STUDIES,"Business Studies,French,Hindu Religious Education",SS2114,dc976b35-275a-413f-8bde-935dd23aec4a
SOCIAL SCIENCES,HUMANITIES & BUSINESS STUDIES,"Business Studies,Christian Religious Education,General Science",SS2115,225a01f5-6d70-4719-8dd7-31151e8c883b
SOCIAL SCIENCES,HUMANITIES & BUSINESS STUDIES,"Business Studies,General Science,Islamic Religious Education",SS2116,4d1b4d85-6571-4b77-9874-535dd5d8f4b0
SOCIAL SCIENCES,HUMANITIES & BUSINESS STUDIES,"Business Studies,General Science,Hindu Religious Education",SS2117,5ad839ba-1a20-4602-a027-88be1a8ccc1f
SOCIAL SCIENCES,HUMANITIES & BUSINESS STUDIES,"Business Studies,Geography,Kenya Sign Language",SS2118,0d7f9096-109a-4131-a134-16c7d447327c
SOCIAL SCIENCES,LANGUAGES & LITERATURE,"French,Indigenous Language,Literature in English",SS1001,28afec77-45fe-465d-9e0b-679ec24e3bf7
SOCIAL SCIENCES,LANGUAGES & LITERATURE,"Fasihi ya Kiswahili,Indigenous Language,Literature in English",SS1002,2cc9814f-1fe1-4c53-89e1-918540cf42ed
SOCIAL SCIENCES,LANGUAGES & LITERATURE,"Christian Religious Education,Indigenous Language,Literature in English",SS1003,f371e78b-7782-4f8e-9e00-349227263cf0
SOCIAL SCIENCES,LANGUAGES & LITERATURE,"Arabic,Business Studies,French",SS1004,d2c2dc30-b5a7-462f-bdd1-6c42a431ff9f
SOCIAL SCIENCES,LANGUAGES & LITERATURE,"Hindu Religious Education,Indigenous Language,Literature in English",SS1005,a60fe7d2-94fe-47d4-9f3b-0700cb00e866
SOCIAL SCIENCES,LANGUAGES & LITERATURE,"Arabic,Computer Studies,French",SS1006,00c47cf5-d705-4bfe-ae8e-e90e83064146
SOCIAL SCIENCES,LANGUAGES & LITERATURE,"Indigenous Language,Islamic Religious Education,Literature in English",SS1007,5262307d-7d01-496d-8d97-46b1e41f7769
SOCIAL SCIENCES,LANGUAGES & LITERATURE,"Arabic,Christian Religious Education,French",SS1008,fb91c1b5-a946-4b0e-933c-cadfea527538
SOCIAL SCIENCES,LANGUAGES & LITERATURE,"Arabic,French,Islamic Religious Education",SS1009,8530a183-dd84-44c7-b19b-24f8b221051e
SOCIAL SCIENCES,LANGUAGES & LITERATURE,"Computer Studies,Indigenous Language,Literature in English",SS1010,ee876c22-a5c4-4d28-a0b3-b0a6cffd5afe
SOCIAL SCIENCES,LANGUAGES & LITERATURE,"Arabic,French,Hindu Religious Education",SS1011,377449f3-4c48-464e-b851-ffc7ace89e64
SOCIAL SCIENCES,LANGUAGES & LITERATURE,"Business Studies,Indigenous Language,Literature in English",SS1012,e3d2c6f6-d263-4ce8-b11d-a28322207a9e
SOCIAL SCIENCES,LANGUAGES & LITERATURE,"Arabic,Indigenous Language,Literature in English",SS1013,f8d38375-7933-4ff4-ba2e-91139c012920
SOCIAL SCIENCES,LANGUAGES & LITERATURE,"Arabic,French,General Science",SS1014,17b09c45-738b-465d-8d39-8c7c151baa0a
SOCIAL SCIENCES,LANGUAGES & LITERATURE,"Arabic,French,Geography",SS1015,dbb8ba14-b60b-4bc4-b7af-8b7c76b992c6
SOCIAL SCIENCES,LANGUAGES & LITERATURE,"Arabic,French,History & Citizenship",SS1016,9812dd78-2e96-480f-8620-fb1fa1214530
SOCIAL SCIENCES,LANGUAGES & LITERATURE,"Arabic,French,Mandarine Chinese",SS1017,8f0e50c0-9e0f-4a1b-a183-9613b2da8be3
SOCIAL SCIENCES,LANGUAGES & LITERATURE,"Fasihi ya Kiswahili,Indigenous Language,Kenya Sign Language",SS1018,399373d4-fc9f-4415-9c45-698f2025d453
SOCIAL SCIENCES,LANGUAGES & LITERATURE,"Core Mathematics,Arabic,French",SS1019,3b150fb4-7345-42b4-b964-fbf657e51a41
SOCIAL SCIENCES,LANGUAGES & LITERATURE,"Core Mathematics,Fasihi ya Kiswahili,Indigenous Language",SS1020,50c880af-2dbd-434b-930f-999c15a0b863
SOCIAL SCIENCES,LANGUAGES & LITERATURE,"Arabic,Fasihi ya Kiswahili,Kenya Sign Language",SS1021,e1e2f6f9-e655-42bf-a82e-d6d1de89deee
SOCIAL SCIENCES,LANGUAGES & LITERATURE,"Fasihi ya Kiswahili,Indigenous Language,Mandarine Chinese",SS1022,4f731d43-ff55-49a7-bd50-964bbbf9be43
SOCIAL SCIENCES,LANGUAGES & LITERATURE,"Business Studies,Fasihi ya Kiswahili,Kenya Sign Language",SS1023,6517a91c-0730-455d-860c-8a4ecaf7dda0
SOCIAL SCIENCES,LANGUAGES & LITERATURE,"Fasihi ya Kiswahili,History & Citizenship,Indigenous Language",SS1024,c4a82357-2d06-4423-a704-05b998d53747
SOCIAL SCIENCES,LANGUAGES & LITERATURE,"Fasihi ya Kiswahili,German,Indigenous Language",SS1025,4a22f1da-a869-4c25-9ae3-d722928cf4f7
SOCIAL SCIENCES,LANGUAGES & LITERATURE,"Fasihi ya Kiswahili,Kenya Sign Language,Mandarine Chinese",SS1026,54677920-2a8c-4bfb-8149-a8d043b06517
SOCIAL SCIENCES,LANGUAGES & LITERATURE,"Fasihi ya Kiswahili,Geography,Indigenous Language",SS1027,f273effa-38d9-47ad-816b-544053041e11
SOCIAL SCIENCES,LANGUAGES & LITERATURE,"Computer Studies,Fasihi ya Kiswahili,Kenya Sign Language",SS1028,c29704c1-b7d8-4958-b3ed-8f9eeffd76a3
SOCIAL SCIENCES,LANGUAGES & LITERATURE,"Fasihi ya Kiswahili,General Science,Indigenous Language",SS1029,3b56f3db-3057-44f2-a514-cdcfbacff3eb
SOCIAL SCIENCES,LANGUAGES & LITERATURE,"Christian Religious Education,Fasihi ya Kiswahili,Kenya Sign Language",SS1030,70a07a32-caf4-4175-8d41-9bb1913a992a
SOCIAL SCIENCES,LANGUAGES & LITERATURE,"Fasihi ya Kiswahili,Islamic Religious Education,Kenya Sign Language",SS1031,564c7de3-4dc6-428d-9d22-f8cd3a102af4
SOCIAL SCIENCES,LANGUAGES & LITERATURE,"Fasihi ya Kiswahili,French,Indigenous Language",SS1032,a42d931c-7189-4f55-a470-f338fe221d8a
SOCIAL SCIENCES,LANGUAGES & LITERATURE,"Fasihi ya Kiswahili,Hindu Religious Education,Kenya Sign Language",SS1033,469a9aff-cde3-4333-ab58-e62a26d45520
SOCIAL SCIENCES,LANGUAGES & LITERATURE,"Christian Religious Education,Fasihi ya Kiswahili,Indigenous Language",SS1034,8c5a22b2-314c-48fd-8463-d02c2652be6b
SOCIAL SCIENCES,LANGUAGES & LITERATURE,"Fasihi ya Kiswahili,French,Kenya Sign Language",SS1035,dfeaa9e7-bf5d-4800-a99c-b5980f6fa7c1
SOCIAL SCIENCES,LANGUAGES & LITERATURE,"Fasihi ya Kiswahili,Hindu Religious Education,Indigenous Language",SS1036,4b84d5cd-4450-4327-acde-8be48cb00a96
SOCIAL SCIENCES,LANGUAGES & LITERATURE,"Fasihi ya Kiswahili,General Science,Kenya Sign Language",SS1037,0808c6c7-5c59-45a3-9b52-e99d015c3684
SOCIAL SCIENCES,LANGUAGES & LITERATURE,"Fasihi ya Kiswahili,Indigenous Language,Islamic Religious Education",SS1038,6825c257-13c1-4e9e-987e-1a385a434fd8
SOCIAL SCIENCES,LANGUAGES & LITERATURE,"Fasihi ya Kiswahili,Geography,Kenya Sign Language",SS1039,7b0f78ef-40a1-44b1-a995-925bb76c136d
SOCIAL SCIENCES,LANGUAGES & LITERATURE,"Computer Studies,Fasihi ya Kiswahili,Indigenous Language",SS1040,03a10edc-605e-43fb-873d-a351335da5a1
SOCIAL SCIENCES,LANGUAGES & LITERATURE,"Fasihi ya Kiswahili,History & Citizenship,Kenya Sign Language",SS1041,7749ca1f-d038-4780-a5b7-20c302de8c02
SOCIAL SCIENCES,LANGUAGES & LITERATURE,"Business Studies,Fasihi ya Kiswahili,Indigenous Language",SS1042,c1beb4d4-dee5-423d-81ca-e031a784f628
SOCIAL SCIENCES,LANGUAGES & LITERATURE,"Arabic,Fasihi ya Kiswahili,Indigenous Language",SS1043,33a3b764-e695-44e6-a8a5-db52b3d020ea
SOCIAL SCIENCES,LANGUAGES & LITERATURE,"Core Mathematics,Fasihi ya Kiswahili,Kenya Sign Language",SS1044,0e9d1dbb-7ef4-4290-b967-f1bd351fa39b
SOCIAL SCIENCES,LANGUAGES & LITERATURE,"Business Studies,French,German",SS1045,ba43a7b5-bb24-4456-8010-25101fd840fd
SOCIAL SCIENCES,LANGUAGES & LITERATURE,"Core Mathematics,French,German",SS1046,6371b3c4-cfba-43f4-963d-99bf4ad97cc4
SOCIAL SCIENCES,LANGUAGES & LITERATURE,"Computer Studies,French,German",SS1047,7e5cdca3-8e3b-47db-a9f4-79cd6e1b639a
SOCIAL SCIENCES,LANGUAGES & LITERATURE,"Christian Religious Education,French,German",SS1048,f21b1f90-80f4-4dba-850f-77134157c072
SOCIAL SCIENCES,LANGUAGES & LITERATURE,"French,German,History & Citizenship",SS1049,7cac1a18-5ff3-45ba-bf4b-7c09eeb9c8ee
SOCIAL SCIENCES,LANGUAGES & LITERATURE,"French,German,Islamic Religious Education",SS1050,404ad686-a60a-447e-8ee8-7a5d7c7432a1
SOCIAL SCIENCES,LANGUAGES & LITERATURE,"French,Geography,German",SS1051,690f2b30-8f3f-473f-a178-db4f05ae14a7
SOCIAL SCIENCES,LANGUAGES & LITERATURE,"French,German,Hindu Religious Education",SS1052,9716795a-ee8e-4d50-92d8-3ea1ca1efaf2
SOCIAL SCIENCES,LANGUAGES & LITERATURE,"French,General Science,German",SS1053,ec5ee1b9-ca2c-4b8b-9fae-7057f305fc8b
SOCIAL SCIENCES,LANGUAGES & LITERATURE,"French,General Science,Mandarine Chinese",SS1054,dd169288-d62b-4d4b-be7b-a46f460a260d
SOCIAL SCIENCES,LANGUAGES & LITERATURE,"French,Geography,Mandarine Chinese",SS1055,51bc1867-5545-4465-a1f2-93d31dab70e3
SOCIAL SCIENCES,LANGUAGES & LITERATURE,"French,History & Citizenship,Mandarine Chinese",SS1056,cec0f5d0-fa0f-40e2-ae64-ad327e7b6bbb
SOCIAL SCIENCES,LANGUAGES & LITERATURE,"Arabic,Business Studies,Kenya Sign Language",SS1057,5e2fc6c2-6e9f-4bc4-ade1-ebe3b37fcc36
SOCIAL SCIENCES,LANGUAGES & LITERATURE,"Arabic,Computer Studies,Kenya Sign Language",SS1058,31962d08-385b-4b5f-99d8-694c9414e482
SOCIAL SCIENCES,LANGUAGES & LITERATURE,"Arabic,Christian Religious Education,Kenya Sign Language",SS1059,051c0a31-fb95-4a8c-9d63-032fe6e4b867
SOCIAL SCIENCES,LANGUAGES & LITERATURE,"General Science,Indigenous Language,Literature in English",SS1060,04acaa1f-7bea-4e6c-b7bb-dc026ac8c222
SOCIAL SCIENCES,LANGUAGES & LITERATURE,"Geography,Indigenous Language,Literature in English",SS1061,d6f44ccb-0ee5-4d13-b107-4d50868d78ed
SOCIAL SCIENCES,LANGUAGES & LITERATURE,"Arabic,Islamic Religious Education,Kenya Sign Language",SS1062,aaf2aa84-0aae-437f-ac99-1b4b57322a81
SOCIAL SCIENCES,LANGUAGES & LITERATURE,"Arabic,Hindu Religious Education,Kenya Sign Language",SS1063,eb0d7abc-e231-422f-942c-267ec3bacea5
SOCIAL SCIENCES,LANGUAGES & LITERATURE,"Arabic,French,Kenya Sign Language",SS1064,411fe2cd-5a33-422a-9fc5-1183888f184d
SOCIAL SCIENCES,LANGUAGES & LITERATURE,"German,Indigenous Language,Literature in English",SS1065,1a757065-db50-4903-9ab8-78d5fd0a85a6
SOCIAL SCIENCES,LANGUAGES & LITERATURE,"Arabic,General Science,Kenya Sign Language",SS1066,b35be258-872d-4fae-ac21-58af2301c4f2
SOCIAL SCIENCES,LANGUAGES & LITERATURE,"History & Citizenship,Indigenous Language,Literature in English",SS1067,83e5b04a-7a8b-4f28-bb7e-bb3ffd2a0744
SOCIAL SCIENCES,LANGUAGES & LITERATURE,"Indigenous Language,Literature in English,Mandarine Chinese",SS1068,75910963-4734-4abb-b37d-2eaa32d44cf7
SOCIAL SCIENCES,LANGUAGES & LITERATURE,"Core Mathematics,Indigenous Language,Literature in English",SS1069,5482bed2-20e9-46d8-833f-7e69762c65c6
SOCIAL SCIENCES,LANGUAGES & LITERATURE,"Arabic,Geography,Kenya Sign Language",SS1070,7724194d-babc-4838-bd54-9b2f0035e713
SOCIAL SCIENCES,LANGUAGES & LITERATURE,"Indigenous Language,Kenya Sign Language,Literature in English",SS1071,8dab5d73-b7cf-40d6-a0c8-237141299931
SOCIAL SCIENCES,LANGUAGES & LITERATURE,"Arabic,History & Citizenship,Kenya Sign Language",SS1072,cf0777ad-90ec-4acf-bcb3-bc1497fbf7c9
SOCIAL SCIENCES,LANGUAGES & LITERATURE,"Arabic,Kenya Sign Language,Mandarine Chinese",SS1073,f70f6dd8-e3c1-43c6-9f8d-b3015a405350
SOCIAL SCIENCES,LANGUAGES & LITERATURE,"Core Mathematics,Arabic,Kenya Sign Language",SS1074,444476d1-742b-4bc1-885d-516dff40333d
SOCIAL SCIENCES,LANGUAGES & LITERATURE,"Business Studies,French,Mandarine Chinese",SS1075,94f56106-c136-4e57-95c5-b44a7335c025
SOCIAL SCIENCES,LANGUAGES & LITERATURE,"Computer Studies,French,Mandarine Chinese",SS1076,b259ca52-0959-45bc-a1d3-61051048de4e
SOCIAL SCIENCES,LANGUAGES & LITERATURE,"Christian Religious Education,French,Mandarine Chinese",SS1077,5c667afc-f6cc-4f4f-9d5c-21a568669ea3
SOCIAL SCIENCES,LANGUAGES & LITERATURE,"French,Islamic Religious Education,Mandarine Chinese",SS1078,895c05fd-dfd4-4a00-86f2-0e1089c9c04d
SOCIAL SCIENCES,LANGUAGES & LITERATURE,"French,Hindu Religious Education,Mandarine Chinese",SS1079,7c3e33c1-4056-41f7-a69b-1a5264a3ae13
SOCIAL SCIENCES,LANGUAGES & LITERATURE,"Business Studies,Fasihi ya Kiswahili,Literature in English",SS1080,65bcd037-0dbe-412d-977c-2c20a119da21
SOCIAL SCIENCES,LANGUAGES & LITERATURE,"Fasihi ya Kiswahili,History & Citizenship,Literature in English",SS1081,c6383c04-7a2d-4a39-958d-146b83916c3c
SOCIAL SCIENCES,LANGUAGES & LITERATURE,"Fasihi ya Kiswahili,Literature in English,Mandarine Chinese",SS1082,a67c8994-f04d-42cb-941c-f22d2de5619d
SOCIAL SCIENCES,LANGUAGES & LITERATURE,"Fasihi ya Kiswahili,Kenya Sign Language,Literature in English",SS1083,b7a261cb-353a-4198-81b9-aee0007db9a1
SOCIAL SCIENCES,LANGUAGES & LITERATURE,"Core Mathematics,French,Mandarine Chinese",SS1084,0bcb0187-86ec-4470-a4e9-931a253b65e0
STEM,APPLIED SCIENCES,"Business Studies,Computer Studies,Electricity",ST2001,5be1fffb-b658-4b07-b61b-4bbaa2b255da
STEM,APPLIED SCIENCES,"Business Studies,Computer Studies,General Science",ST2002,cc5c57eb-d686-4e21-a284-1d84f4da5104
STEM,APPLIED SCIENCES,"Business Studies,Computer Studies,Geography",ST2003,e0bc1458-cb21-405e-99f5-4acb33aad3db
STEM,APPLIED SCIENCES,"Business Studies,Computer Studies,Marine & Fisheries",ST2004,7c7d5d27-0c1e-4ad4-bce2-bddde60b2632
STEM,APPLIED SCIENCES,"Business Studies,Computer Studies,Metal Work",ST2006,bf73d1fb-93a5-4942-88c2-bb9f54155eea
STEM,APPLIED SCIENCES,"Business Studies,Computer Studies,Physics",ST2007,01f2264d-bb70-4342-8fe3-20455f3d1dab
STEM,APPLIED SCIENCES,"Business Studies,Computer Studies,Wood Work",ST2009,421346ee-d416-43f3-a776-44600b7f317c
STEM,APPLIED SCIENCES,"Aviation,Computer Studies,Geography",ST2010,54a43b6a-3ce2-4696-9640-6ac2a4120258
STEM,APPLIED SCIENCES,"Biology,Computer Studies,Geography",ST2011,90f259d1-3e97-449d-8a37-01ca5880480e
STEM,APPLIED SCIENCES,"Building & Construction,Computer Studies,Geography",ST2012,b70a9038-6ad5-480a-9f5a-5b6f4f4bbd84
STEM,APPLIED SCIENCES,"Chemistry,Computer Studies,Geography",ST2013,c5f1351d-7d6e-4bd1-90fd-4d90b8cac3a0
STEM,APPLIED SCIENCES,"Computer Studies,General Science,Geography",ST2014,8ca92f32-bb6c-499f-8d6d-1a3a35ecf57e
STEM,APPLIED SCIENCES,"Computer Studies,Geography,Marine & Fisheries",ST2015,870e6890-4706-4388-83f5-1592499d3107
STEM,APPLIED SCIENCES,"Core Mathematics,Computer Studies,Geography",ST2016,c111647a-df2b-4326-a39d-c0440fdd5d02
STEM,APPLIED SCIENCES,"Computer Studies,Geography,Metal Work",ST2017,327a0d34-9986-4167-9e03-a52aca627495
STEM,APPLIED SCIENCES,"Computer Studies,Geography,Physics",ST2018,b2205ea1-1a84-4eb7-b217-dc5a6fc27713
STEM,APPLIED SCIENCES,"Computer Studies,Home Science,Wood Work",ST2019,0a1c85c9-518c-4b7e-bfbc-0612ecb482fc
STEM,APPLIED SCIENCES,"Aviation,Computer Studies,Home Science",ST2020,2ea540c3-ea12-49cf-89f8-92c5fbe34326
STEM,APPLIED SCIENCES,"Building & Construction,Computer Studies,Home Science",ST2022,ee7259fb-37be-4e41-bbce-8f59f577a6be
STEM,APPLIED SCIENCES,"Business Studies,Computer Studies,Home Science",ST2023,be73cc7c-a9c6-4510-b660-03f3dfeea402
STEM,APPLIED SCIENCES,"Chemistry,Computer Studies,Home Science",ST2024,37c31186-0eda-40ca-a172-c8e70d53efdc
STEM,APPLIED SCIENCES,"Computer Studies,Electricity,Home Science",ST2025,5c61f79a-84df-4a5a-a064-951794e26c7a
STEM,APPLIED SCIENCES,"Computer Studies,General Science,Home Science",ST2026,fc959040-cd45-4394-9014-3af364598c27
STEM,APPLIED SCIENCES,"Computer Studies,Geography,Home Science",ST2027,ee3b7174-a50f-4150-a777-b36b0499fb45
STEM,APPLIED SCIENCES,"Computer Studies,Home Science,Marine & Fisheries",ST2028,483e8be8-87ff-4583-bed5-aff58d7a9cbe
STEM,APPLIED SCIENCES,"Computer Studies,Home Science,Metal Work",ST2030,81271cdd-a8d3-4480-845a-f6cbb1884cf2
STEM,APPLIED SCIENCES,"Computer Studies,Home Science,Physics",ST2031,c4dc1183-88e8-4b3b-b587-3cec58cf38a7
STEM,APPLIED SCIENCES,"Computer Studies,Home Science,Power Mechanics",ST2032,d2bd846b-4fc0-4da3-bcca-3451658e199f
STEM,APPLIED SCIENCES,"Core Mathematics,Biology,Computer Studies",ST2038,accc3210-277b-4394-b3bc-7bf736221df4
STEM,APPLIED SCIENCES,"Core Mathematics,Biology,Electricity",ST2039,ba4797d3-3b3b-488f-a434-9690f025597c
STEM,APPLIED SCIENCES,"Core Mathematics,Biology,Geography",ST2040,234606a5-2fc6-4ccc-b855-e249644f912a
STEM,APPLIED SCIENCES,"Core Mathematics,Biology,Home Science",ST2041,e199035c-a5da-48ff-a691-9d3e9340a747
STEM,APPLIED SCIENCES,"Agriculture,Aviation,Business Studies",ST2043,431fdac3-ca00-47a5-811b-2a3d239a08ff
STEM,APPLIED SCIENCES,"Agriculture,Biology,Business Studies",ST2044,dec1d3f0-8179-42f2-a931-8a22fd73bce4
STEM,APPLIED SCIENCES,"Agriculture,Building & Construction,Business Studies",ST2045,025813a9-2197-4438-bf65-f1d3554b9c3c
STEM,APPLIED SCIENCES,"Agriculture,Business Studies,Chemistry",ST2046,832ac772-9ba0-4d29-b7d9-79bd60ee9241
STEM,APPLIED SCIENCES,"Agriculture,Business Studies,Computer Studies",ST2047,42460606-5648-440d-aa96-ba7935ecce0e
STEM,APPLIED SCIENCES,"Agriculture,Business Studies,Electricity",ST2048,0ac902da-657b-435e-a20c-5de9678cb18a
STEM,APPLIED SCIENCES,"Agriculture,Business Studies,General Science",ST2049,11571ed6-c672-40e8-902a-262936d69fb4
STEM,APPLIED SCIENCES,"Agriculture,Business Studies,Geography",ST2050,edb0677f-e0e8-40bf-bf3f-a92e8d79e83d
STEM,APPLIED SCIENCES,"Agriculture,Business Studies,Marine & Fisheries",ST2051,85b9718f-8297-4f7c-a6fc-5775d4ce37f4
STEM,APPLIED SCIENCES,"Agriculture,Business Studies,Metal Work",ST2052,9a378c07-cdc1-4bb7-804e-09da5ebbef59
STEM,APPLIED SCIENCES,"Agriculture,Business Studies,Physics",ST2053,7a08bb19-117a-4309-902c-a9c559815a67
STEM,APPLIED SCIENCES,"Agriculture,Business Studies,Power Mechanics",ST2054,d3766c48-b1c2-42e7-80ac-5ef964bece96
STEM,APPLIED SCIENCES,"Agriculture,Business Studies,Wood Work",ST2055,5ba758e1-e15f-4e30-9d6e-13d52619a7e6
STEM,APPLIED SCIENCES,"Agriculture,Aviation,Computer Studies",ST2056,28532a39-3017-4192-bdb4-440cd29c865a
STEM,APPLIED SCIENCES,"Agriculture,Biology,Computer Studies",ST2057,e3178c31-9e27-4898-8aa5-263df6a8a430
STEM,APPLIED SCIENCES,"Agriculture,Building & Construction,Computer Studies",ST2058,1685fb8b-16ee-432b-8e18-1455c5be35c9
STEM,APPLIED SCIENCES,"Agriculture,Chemistry,Computer Studies",ST2059,29e0c5d5-108b-4ff3-ac86-750b04ce0f8c
STEM,APPLIED SCIENCES,"Agriculture,Computer Studies,Electricity",ST2060,40f0dcb3-ee5b-4e8f-add2-ee75552aa7d3
STEM,APPLIED SCIENCES,"Agriculture,Computer Studies,General Science",ST2061,ee16df92-cc25-41ce-bcdc-fb866852343a
STEM,APPLIED SCIENCES,"Agriculture,Computer Studies,Geography",ST2062,b76ed4d6-c172-4480-a593-40451219dd86
STEM,APPLIED SCIENCES,"Agriculture,Computer Studies,Home Science",ST2063,7a1cc1c5-f2e3-408d-a36b-613e8af0d53b
STEM,APPLIED SCIENCES,"Agriculture,Computer Studies,Marine & Fisheries",ST2064,b3014244-b5a0-41aa-9f56-735949c760f9
STEM,APPLIED SCIENCES,"Core Mathematics,Agriculture,Computer Studies",ST2065,aac89636-b1cf-4315-bd3d-9c13f1f4dacf
STEM,APPLIED SCIENCES,"Agriculture,Computer Studies,Metal Work",ST2066,8ae8a2e5-b9cc-4238-8c31-d69b60ce1338
STEM,APPLIED SCIENCES,"Agriculture,Computer Studies,Physics",ST2067,08cc411d-bb7c-46ac-bb73-581f94b1f311
STEM,APPLIED SCIENCES,"Agriculture,Computer Studies,Power Mechanics",ST2068,e7ad1bab-037f-46d0-974a-f54b4170b362
STEM,APPLIED SCIENCES,"Agriculture,Computer Studies,Wood Work",ST2069,6d199c04-804b-4a6d-bab1-d1aa96d00b56
STEM,APPLIED SCIENCES,"Agriculture,Aviation,Geography",ST2070,0511242b-ada4-42a0-a35c-237f1e2d35e9
STEM,APPLIED SCIENCES,"Agriculture,Biology,Geography",ST2071,b6539881-9105-49b6-a496-b1cdeda357aa
STEM,APPLIED SCIENCES,"Core Mathematics,Agriculture,Geography",ST2072,f60f01f1-feb9-46fa-9007-71413f8b8594
STEM,APPLIED SCIENCES,"Agriculture,Geography,Metal Work",ST2073,ece26de8-e426-436f-8dc1-8e9f6562b2f4
STEM,APPLIED SCIENCES,"Agriculture,Building & Construction,Geography",ST2074,ec5224ac-d92c-466f-be17-06bb110135c8
STEM,APPLIED SCIENCES,"Agriculture,Geography,Physics",ST2075,09bebee6-5054-4725-a5db-a145a4d32649
STEM,APPLIED SCIENCES,"Agriculture,Geography,Power Mechanics",ST2076,706ead00-e121-415f-a0a4-8ff35f576112
STEM,APPLIED SCIENCES,"Core Mathematics,Business Studies,Computer Studies",ST2077,1a7a050d-859c-4782-ae7f-80648f02af54
STEM,APPLIED SCIENCES,"Agriculture,Geography,Wood Work",ST2078,504eafb2-ae3c-4cc6-9f40-7c0e42ed49f8
STEM,APPLIED SCIENCES,"Agriculture,Aviation,Home Science",ST2079,da7e8a0d-1f55-429b-b396-90ec31dc87e8
STEM,APPLIED SCIENCES,"Agriculture,Electricity,Geography",ST2080,b8fe33e5-7938-45f3-a5b1-1a154941a901
STEM,APPLIED SCIENCES,"Agriculture,Biology,Home Science",ST2081,8a84ea10-32b7-4ce1-9e36-86da2ecb7ea1
STEM,APPLIED SCIENCES,"Agriculture,General Science,Geography",ST2082,e48fc364-d0cb-47eb-8d05-7de6f9714e32
STEM,APPLIED SCIENCES,"Agriculture,Building & Construction,Home Science",ST2083,33f37ca0-efa2-4f93-b7b5-18b84a2bc388
STEM,APPLIED SCIENCES,"Agriculture,Geography,Marine & Fisheries",ST2084,c9662ccb-519a-429a-9be5-bc5bd7bad7b6
STEM,APPLIED SCIENCES,"Agriculture,Business Studies,Home Science",ST2085,7f697bf8-f6c9-46eb-a79b-cb73beba3dc0
STEM,APPLIED SCIENCES,"Agriculture,Chemistry,Home Science",ST2086,9f949da3-67dc-458c-9635-dc1ddd9b3c83
STEM,APPLIED SCIENCES,"Agriculture,Electricity,Home Science",ST2087,86123445-200f-4ed6-a376-e7a4f27a50f9
STEM,APPLIED SCIENCES,"Agriculture,General Science,Home Science",ST2088,ca6c510a-0be1-4271-b72f-f5f6c1fba487
STEM,APPLIED SCIENCES,"Agriculture,Geography,Home Science",ST2089,a947b10e-c75b-4074-8751-34e13bb02c21
STEM,APPLIED SCIENCES,"Agriculture,Home Science,Marine & Fisheries",ST2090,35da3598-fcb2-4099-9c1c-d555fe740867
STEM,APPLIED SCIENCES,"Core Mathematics,Agriculture,Home Science",ST2091,09378634-130f-4103-a14f-2e549ce59fd8
STEM,APPLIED SCIENCES,"Agriculture,Home Science,Metal Work",ST2092,3088a952-7909-453a-b2fd-12f2bebd5652
STEM,APPLIED SCIENCES,"Agriculture,Home Science,Physics",ST2093,5e43b444-adf1-433a-958f-dc3cdadc2f88
STEM,APPLIED SCIENCES,"Agriculture,Home Science,Power Mechanics",ST2094,c03b3461-ce7b-48eb-ad3b-ddfdaf08c820
STEM,APPLIED SCIENCES,"Agriculture,Home Science,Wood Work",ST2095,3e6f23d8-e0bb-476d-b698-4dddc784ae10
STEM,APPLIED SCIENCES,"Aviation,Business Studies,Computer Studies",ST2096,29d47df5-2fa5-4e99-90ca-210b82c074c6
STEM,APPLIED SCIENCES,"Biology,Business Studies,Computer Studies",ST2097,1769cfe0-3893-4412-adb9-3f00884dd620
STEM,APPLIED SCIENCES,"Building & Construction,Business Studies,Computer Studies",ST2098,42bf5a34-36b4-4180-a7e7-f2695d523191
STEM,APPLIED SCIENCES,"Business Studies,Chemistry,Computer Studies",ST2099,fa9f1f20-75e2-4c0c-8007-91a7eeb07d84
STEM,PURE SCIENCES,"Core Mathematics,Agriculture,Biology",ST1001,b09b58a7-5880-457e-8a61-bb1c8965b9e0
STEM,PURE SCIENCES,"Core Mathematics,Aviation,Biology",ST1002,aadf54f1-8960-4e4a-970c-6b312c2ad1e0
STEM,PURE SCIENCES,"Core Mathematics,Biology,Business Studies",ST1003,fb037b8c-8929-4532-81df-6ccf30ebdc5f
STEM,PURE SCIENCES,"Core Mathematics,Biology,Chemistry",ST1004,742163d6-a3d3-4c78-beb0-a567c2159a5b
STEM,PURE SCIENCES,"Core Mathematics,Biology,Building & Construction",ST1005,1f200709-5890-43ae-9209-5c82aa5c3ac6
STEM,PURE SCIENCES,"Core Mathematics,Biology,Metal Work",ST1006,727c62b1-af97-4eb3-a5f1-103d0531f901
STEM,PURE SCIENCES,"Core Mathematics,Biology,Physics",ST1007,471bd5c7-c31e-46b5-b278-8a28896f33e2
STEM,PURE SCIENCES,"Core Mathematics,Biology,Power Mechanics",ST1008,3d06ebfb-e84f-4adf-bfee-d05ec4526325
STEM,PURE SCIENCES,"Core Mathematics,Biology,Wood Work",ST1009,8826c18b-e203-4c72-bb88-a7dcf9384fc5
STEM,PURE SCIENCES,"Core Mathematics,Agriculture,Chemistry",ST1010,67121c85-8516-477b-8808-092d7d0b31a7
STEM,PURE SCIENCES,"Core Mathematics,Aviation,Chemistry",ST1011,737fb5fb-d046-49b7-ab9f-aeedb62093f8
STEM,PURE SCIENCES,"Core Mathematics,Building & Construction,Chemistry",ST1012,9fedf7db-c0d1-466f-a59a-c2d7de0aa14e
STEM,PURE SCIENCES,"Core Mathematics,Business Studies,Chemistry",ST1013,ce17328e-dbde-411c-8580-2eef85b2d133
STEM,PURE SCIENCES,"Core Mathematics,Chemistry,Computer Studies",ST1014,a4bb4a25-8f55-4278-97fc-6af1fdb8512a
STEM,PURE SCIENCES,"Core Mathematics,Chemistry,Electricity",ST1015,4499d35c-8eb3-452b-baca-339769439963
STEM,PURE SCIENCES,"Core Mathematics,Chemistry,Geography",ST1016,2b771a12-5e84-4a96-b7f8-cfa5fa5febf5
STEM,PURE SCIENCES,"Core Mathematics,Chemistry,Home Science",ST1017,e042148e-f00d-4437-b677-4ba8073776c0
STEM,PURE SCIENCES,"Core Mathematics,Chemistry,Marine & Fisheries",ST1018,3e20fb8a-9ffc-4a66-8faf-c6c1d8046242
STEM,PURE SCIENCES,"Core Mathematics,Chemistry,Metal Work",ST1019,c01de4c5-90e6-43a6-a85a-1663ddd68af8
STEM,PURE SCIENCES,"Core Mathematics,Chemistry,Physics",ST1020,fabb49c9-7f29-4ed0-b8d1-a657910e3e8b
STEM,PURE SCIENCES,"Core Mathematics,Chemistry,Power Mechanics",ST1021,b1cb5af0-1d43-4bd1-bd57-e9e628dd2509
STEM,PURE SCIENCES,"Core Mathematics,Chemistry,Wood Work",ST1022,330ca825-fb83-4fb2-acf4-491756fe924d
STEM,PURE SCIENCES,"Core Mathematics,Agriculture,General Science",ST1023,53f4175c-90d7-4de4-b7c4-2fe608a01bd0
STEM,PURE SCIENCES,"Core Mathematics,Aviation,General Science",ST1024,48aa4e3b-c186-4aba-a6d9-1887776b0d0a
STEM,PURE SCIENCES,"Core Mathematics,Building & Construction,General Science",ST1025,f3c9fdb9-bd89-470f-910e-ec77ace11d39
STEM,PURE SCIENCES,"Core Mathematics,Business Studies,General Science",ST1026,1bd4a78b-621a-4007-b103-b8d5b3768926
STEM,PURE SCIENCES,"Core Mathematics,Computer Studies,General Science",ST1027,eb49b8dd-f8a1-4b83-a098-3b8f6de033bf
STEM,PURE SCIENCES,"Core Mathematics,General Science,Geography",ST1028,8cef70c8-d272-4b1d-bc82-03c535b745ca
STEM,PURE SCIENCES,"Core Mathematics,General Science,Home Science",ST1029,e4d22c64-c8f7-4031-af17-e1110d9d0c0a
STEM,PURE SCIENCES,"Core Mathematics,Agriculture,Physics",ST1030,8eab89b6-4a93-4d55-9e08-b35311793c69
STEM,PURE SCIENCES,"Core Mathematics,Aviation,Physics",ST1031,80798b76-6409-4dff-bc47-f308cb9c540b
STEM,PURE SCIENCES,"Core Mathematics,Building & Construction,Physics",ST1032,c9e58512-8df8-4e99-becb-24b25b27ba78
STEM,PURE SCIENCES,"Core Mathematics,Business Studies,Physics",ST1033,5d0b698c-eda4-4ddd-8d64-fc38869230f0
STEM,PURE SCIENCES,"Core Mathematics,Computer Studies,Physics",ST1034,48db0c04-e161-4db2-8202-a382417f6769
STEM,PURE SCIENCES,"Core Mathematics,Electricity,Physics",ST1035,1d679b49-f153-47a4-81a3-c865d2af5006
STEM,PURE SCIENCES,"Core Mathematics,Geography,Physics",ST1036,dcd97b41-412b-4288-954a-2a9b1d9c29e5
STEM,PURE SCIENCES,"Core Mathematics,Home Science,Physics",ST1037,e31f0b46-f238-44a1-a484-9624bca99362
STEM,PURE SCIENCES,"Core Mathematics,Marine & Fisheries,Physics",ST1038,76801a48-4e07-4dc3-ada3-3a727bd9d897
STEM,PURE SCIENCES,"Core Mathematics,Metal Work,Physics",ST1039,25fecc30-57c5-45cc-8160-7c1fe3ca3463
STEM,PURE SCIENCES,"Core Mathematics,Physics,Power Mechanics",ST1040,c4a6b0bc-dd29-4ec5-a915-1b762b4227da
STEM,PURE SCIENCES,"Code Mathematics,Physics,Wood Work",ST1041,7bfee1a7-0f68-45ba-bd92-0db56ad16779
STEM,PURE SCIENCES,"Agriculture,Biology,Chemistry",ST1042,0cecfbd4-be11-4b36-afbf-9461b3f4f2c0
STEM,PURE SCIENCES,"Aviation,Biology,Chemistry",ST1043,304b2568-3801-4918-8796-18b6018c0f7c
STEM,PURE SCIENCES,"Biology,Building & Construction,Chemistry",ST1044,08f59053-c659-4b37-a988-b0dfa26251ba
STEM,PURE SCIENCES,"Biology,Business Studies,Chemistry",ST1045,9e4f2bea-a528-4916-ad72-2ddd3f062580
STEM,PURE SCIENCES,"Biology,Chemistry,Computer Studies",ST1046,ba791ca4-c663-4144-bb68-b3a8d1fd3604
STEM,PURE SCIENCES,"Core Mathematics,Biology,Marine & Fisheries",ST1047,839b13cd-e7d4-4acb-8e9f-3b7f312a01bc
STEM,TECHNICAL STUDIES,"Computer Studies,Electricity,Geography",ST3006,370312dc-15f4-4a8b-b579-9ca5b40939d7
STEM,TECHNICAL STUDIES,"Electricity,Geography,Home Science",ST3007,aec371e2-22bc-4443-acd8-763a07fead17
STEM,TECHNICAL STUDIES,"Electricity,General Science,Home Science",ST3008,12aebd39-5c40-43bf-9d2a-2642bd455e58
STEM,TECHNICAL STUDIES,"Electricity,General Science,Marine & Fisheries",ST3009,b1a49b15-d5f0-43c0-85d1-cbb950cce303
STEM,TECHNICAL STUDIES,"Core Mathematics,Electricity,General Science",ST3010,9b811894-f2b2-41ba-b656-b72193cffac9
STEM,TECHNICAL STUDIES,"General Science,Media Technology,Power Mechanics",ST3011,2d1194ea-4303-400d-aed7-35175f113b91
STEM,TECHNICAL STUDIES,"Electricity,General Science,Media Technology",ST3012,fb35ecb0-3378-4d7e-a23a-7d9ffa0e4a46
STEM,TECHNICAL STUDIES,"Biology,Geography,Power Mechanics",ST3013,1146fb85-9394-4c94-aec4-d878331efde4
STEM,TECHNICAL STUDIES,"Biology,Electricity,Geography",ST3014,51478c25-a92d-4427-a17e-54f8ff707057
STEM,TECHNICAL STUDIES,"Chemistry,Geography,Power Mechanics",ST3015,1b7c5999-d7c8-461c-9c72-6fd4d69ad2c0
STEM,TECHNICAL STUDIES,"Computer Studies,Geography,Power Mechanics",ST3016,5248f139-313a-4f79-bd62-483e251e5e73
STEM,TECHNICAL STUDIES,"Chemistry,Electricity,Geography",ST3017,4ff97900-f3ea-4191-9b49-67aa1b797664
STEM,TECHNICAL STUDIES,"Geography,Home Science,Power Mechanics",ST3018,41d4ae7a-87d0-4c74-80ce-a49de869495d
STEM,TECHNICAL STUDIES,"Geography,Marine & Fisheries,Power Mechanics",ST3019,c80cc047-14d6-403f-a183-6eb9072c1e32
STEM,TECHNICAL STUDIES,"Core Mathematics,Geography,Power Mechanics",ST3020,871177fb-23b8-4a1e-9d8d-217e6cd459d7
STEM,TECHNICAL STUDIES,"Geography,Media Technology,Power Mechanics",ST3021,c1040ea4-f7ad-4e38-867f-4f57434daec5
STEM,TECHNICAL STUDIES,"Electricity,Geography,Marine & Fisheries",ST3022,3297ce0d-63eb-471e-b499-db5de15fef8a
STEM,TECHNICAL STUDIES,"Geography,Physics,Power Mechanics",ST3023,821c51c5-61ca-4245-a73a-2e18e03c0c84
STEM,TECHNICAL STUDIES,"Core Mathematics,Electricity,Geography",ST3024,304f6d21-fb17-4634-a329-0bf2965bb0c7
STEM,TECHNICAL STUDIES,"Electricity,Geography,Media Technology",ST3025,d7e341e5-6991-4260-ab91-a98f6f4163a4
STEM,TECHNICAL STUDIES,"Electricity,Geography,Physics",ST3026,9dd0600a-945e-4c9b-89d1-218f7a67ecfc
STEM,TECHNICAL STUDIES,"Biology,Business Studies,Wood Work",ST3027,6355ce8f-7f1a-4bc4-ae6d-1e3def825eac
STEM,TECHNICAL STUDIES,"Biology,Business Studies,Marine & Fisheries",ST3028,fe1b4ed6-3867-4b89-a510-e08b2694e91d
STEM,TECHNICAL STUDIES,"Business Studies,Chemistry,Wood Work",ST3029,741f3ae5-a142-4e8c-ac19-7d7ae87b108b
STEM,TECHNICAL STUDIES,"Business Studies,Chemistry,Marine & Fisheries",ST3030,ee1b705d-9d47-4613-8afc-948819c5c374
STEM,TECHNICAL STUDIES,"Business Studies,General Science,Wood Work",ST3031,71941937-c712-4bd2-b02c-24bd81ceae37
STEM,TECHNICAL STUDIES,"Business Studies,Geography,Wood Work",ST3032,5fb3f9f6-1c29-421a-8933-57217c14a8b1
STEM,TECHNICAL STUDIES,"Business Studies,General Science,Marine & Fisheries",ST3033,9823fbaf-5adf-413d-a117-253d192fe33e
STEM,TECHNICAL STUDIES,"Business Studies,Home Science,Wood Work",ST3034,442797dd-3c9a-4aed-b169-5c674137cd9e
STEM,TECHNICAL STUDIES,"Business Studies,Marine & Fisheries,Wood Work",ST3035,666f7cf6-7569-4082-b711-5d111f37fb21
STEM,TECHNICAL STUDIES,"Core Mathematics,Business Studies,Wood Work",ST3036,f5d9aeb8-cabc-4ea5-ad6e-f5f0d8a9cc12
STEM,TECHNICAL STUDIES,"Business Studies,Geography,Marine & Fisheries",ST3037,ecefd0a9-289b-4800-b136-a8089f5683fb
STEM,TECHNICAL STUDIES,"Business Studies,Physics,Wood Work",ST3038,38eb8e4a-0ed6-4fb4-9a19-b8822d04d6c5
STEM,TECHNICAL STUDIES,"Business Studies,Home Science,Marine & Fisheries",ST3039,f6bf942b-af61-4678-b1d9-68bff10acf04
STEM,TECHNICAL STUDIES,"Core Mathematics,Business Studies,Marine & Fisheries",ST3040,6a4e00bd-40eb-40de-a8bd-484fadcd9450
STEM,TECHNICAL STUDIES,"Business Studies,Marine & Fisheries,Media Technology",ST3041,e541a16c-7956-4843-81e9-487aeb352135
STEM,TECHNICAL STUDIES,"Business Studies,Marine & Fisheries,Physics",ST3042,8abe6777-e71e-46e2-9407-766c12fa2f0d
STEM,TECHNICAL STUDIES,"Computer Studies,General Science,Wood Work",ST3043,80f1aeae-8618-4469-b72e-0861195f5f5a
STEM,TECHNICAL STUDIES,"Computer Studies,General Science,Marine & Fisheries",ST3044,2d3b25e4-200e-4592-9805-32eac41d8f3e
STEM,TECHNICAL STUDIES,"General Science,Home Science,Marine & Fisheries",ST3045,a8098847-b3c1-44f2-8cec-7c399d310c19
STEM,TECHNICAL STUDIES,"General Science,Geography,Wood Work",ST3046,5a18b7c4-1765-489a-b818-45148000ebd7
STEM,TECHNICAL STUDIES,"Core Mathematics,General Science,Marine & Fisheries",ST3047,1ac267a5-ed0e-424a-bf62-63a0894f66c1
STEM,TECHNICAL STUDIES,"General Science,Home Science,Wood Work",ST3048,c55ecbef-d654-41c0-866b-3089ed558a17
STEM,TECHNICAL STUDIES,"General Science,Marine & Fisheries,Wood Work",ST3049,c9e88cc0-9c60-4eb9-8cb2-acf4296c8b4f
STEM,TECHNICAL STUDIES,"General Science,Marine & Fisheries,Media Technology",ST3050,01141385-6845-45c2-9410-5fb74ae6d805
STEM,TECHNICAL STUDIES,"Core Mathematics,General Science,Wood Work",ST3051,666d3f84-956a-4d4b-8777-794424be4026
STEM,TECHNICAL STUDIES,"Biology,Geography,Marine & Fisheries",ST3052,fe5d942e-3c61-4118-acf6-171a66db079e
STEM,TECHNICAL STUDIES,"General Science,Media Technology,Wood Work",ST3053,3587e7ab-c261-46a2-b744-1a5439f5f920
STEM,TECHNICAL STUDIES,"Chemistry,Geography,Marine & Fisheries",ST3054,3066ddab-dc70-4645-8087-4541b1a6c717
STEM,TECHNICAL STUDIES,"Biology,Geography,Wood Work",ST3055,831551e6-e9e0-4d04-b899-91c5ffb86d34
STEM,TECHNICAL STUDIES,"Chemistry,Geography,Wood Work",ST3056,b07d78e5-3fc9-4628-8a2d-4bca01efee17
STEM,TECHNICAL STUDIES,"Computer Studies,Geography,Wood Work",ST3057,be9bada8-3cbe-41e8-978a-7335966eb5cf
STEM,TECHNICAL STUDIES,"Geography,Home Science,Marine & Fisheries",ST3058,c33f8591-e374-4203-9f22-e3f3cfc433ce
STEM,TECHNICAL STUDIES,"Core Mathematics,Geography,Marine & Fisheries",ST3059,6cd2ca22-3648-4f58-a789-435dca9d1e4f
STEM,TECHNICAL STUDIES,"Geography,Home Science,Wood Work",ST3060,508d7371-c929-4842-b8d8-1d23da5951cb
STEM,TECHNICAL STUDIES,"Geography,Marine & Fisheries,Media Technology",ST3061,5fe71ee2-befb-441a-8a92-e2acadb35708
STEM,TECHNICAL STUDIES,"Geography,Marine & Fisheries,Physics",ST3062,7475de60-a789-4dd0-af01-3afe271c31b0
STEM,TECHNICAL STUDIES,"Geography,Marine & Fisheries,Wood Work",ST3063,959a9ca4-9a0e-445e-b7d7-2c9a7df13017
STEM,TECHNICAL STUDIES,"Core Mathematics,Geography,Wood Work",ST3064,c6828e4f-774a-4139-a0fb-e7defd3e93e5
STEM,TECHNICAL STUDIES,"Biology,Business Studies,Media Technology",ST3065,217c8a3e-b2c3-41ce-8b6f-0e908991d641
STEM,TECHNICAL STUDIES,"Business Studies,Chemistry,Media Technology",ST3066,7a64549e-3c8f-4743-9652-2d768aa869e2
STEM,TECHNICAL STUDIES,"Business Studies,Computer Studies,Media Technology",ST3067,851cb0f9-65cc-47ac-968f-150c3e64f5b0
STEM,TECHNICAL STUDIES,"Business Studies,Geography,Media Technology",ST3068,1d7ee5c3-f25f-4c82-bb6a-b751e034f99f
STEM,TECHNICAL STUDIES,"Geography,Media Technology,Wood Work",ST3069,f8c006c7-0eac-4030-afbd-a0f67ce79e30
STEM,TECHNICAL STUDIES,"Business Studies,Home Science,Media Technology",ST3070,fbb5de07-cdb9-4a6d-b9c8-6eee57cfc44a
STEM,TECHNICAL STUDIES,"Geography,Physics,Wood Work",ST3071,6beb0734-76e5-449c-b521-d67aeca343a6
STEM,TECHNICAL STUDIES,"Core Mathematics,Business Studies,Media Technology",ST3072,e8dac2ef-de1e-44c6-bb1e-4bbee4549c7f
STEM,TECHNICAL STUDIES,"Business Studies,Media Technology,Physics",ST3073,708334ff-9187-4438-be20-8a85a7292a7c
STEM,TECHNICAL STUDIES,"Computer Studies,General Science,Media Technology",ST3074,080d13b2-3cfe-45c0-a5b1-e1e139e06474
STEM,TECHNICAL STUDIES,"General Science,Home Science,Media Technology",ST3075,aa6d4e81-e216-46a3-ac85-60c935e79f19
STEM,TECHNICAL STUDIES,"Core Mathematics,General Science,Media Technology",ST3076,f2c76d51-8ed5-452e-bb6f-496071fc5ea3
STEM,TECHNICAL STUDIES,"Biology,Geography,Media Technology",ST3077,f2fb0390-12f5-4ed5-bfea-4c2c33ea00eb
STEM,TECHNICAL STUDIES,"Chemistry,Geography,Media Technology",ST3078,82f30515-5fbf-4951-b3fb-cecfb3f4f9d2
STEM,TECHNICAL STUDIES,"Computer Studies,Geography,Media Technology",ST3079,4f2d590c-6ebb-498f-a7d2-2898143e0ae0
STEM,TECHNICAL STUDIES,"Geography,Home Science,Media Technology",ST3080,bcd0f1a2-07df-425f-a872-a63441ab4c69
STEM,TECHNICAL STUDIES,"Core Mathematics,Geography,Media Technology",ST3081,40cf406c-9b85-450f-9cfe-79652846ea13
STEM,TECHNICAL STUDIES,"Geography,Media Technology,Physics",ST3082,38661751-e6eb-4cd8-aa21-41e12bb1a136
STEM,TECHNICAL STUDIES,"Aviation,Business Studies,Metal Work",ST3083,54ba1812-963f-42d5-8cb0-bd7b50e97ea1
STEM,TECHNICAL STUDIES,"Biology,Business Studies,Metal Work",ST3084,0b7cad27-4b8a-457f-b38c-1681955f063b
STEM,TECHNICAL STUDIES,"Business Studies,Chemistry,Metal Work",ST3085,40fd29a3-d656-4963-9627-5bf8a7f6ee94
STEM,TECHNICAL STUDIES,"Business Studies,General Science,Metal Work",ST3086,516ac6ca-fd6b-43fc-aa39-40af119d398f
STEM,TECHNICAL STUDIES,"Business Studies,Geography,Metal Work",ST3087,d89ded2d-c5b7-47a7-aeb9-e81c58301c20
STEM,TECHNICAL STUDIES,"Business Studies,Home Science,Metal Work",ST3088,e0177301-4871-40f8-ae76-313565b55341
STEM,TECHNICAL STUDIES,"Business Studies,Marine & Fisheries,Metal Work",ST3089,22d7853b-c964-44e1-94b6-7a5f395cf250
STEM,TECHNICAL STUDIES,"Core Mathematics,Business Studies,Metal Work",ST3090,66f6041e-94d0-4f6e-954d-61abb677c5a5
STEM,TECHNICAL STUDIES,"Business Studies,Media Technology,Metal Work",ST3091,28ee6a48-a406-47f5-a09a-c95a7b607c76
STEM,TECHNICAL STUDIES,"Business Studies,Metal Work,Physics",ST3092,caa996db-4da8-4365-ad80-afd63202a42a
STEM,TECHNICAL STUDIES,"Computer Studies,General Science,Metal Work",ST3093,fc1f094d-6c8c-412a-939f-35f9316db283
STEM,TECHNICAL STUDIES,"General Science,Home Science,Metal Work",ST3094,83ae8f1d-bb3b-4662-b8a3-0a2d8312ec7f
STEM,TECHNICAL STUDIES,"General Science,Marine & Fisheries,Metal Work",ST3095,794ae071-e3e1-4383-a531-2624f1149d0f
STEM,TECHNICAL STUDIES,"Core Mathematics,General Science,Metal Work",ST3096,7c9fe45e-ce71-4fda-b21d-c2cbe01e4da4
STEM,TECHNICAL STUDIES,"General Science,Media Technology,Metal Work",ST3097,5ba2a4f6-5bfc-4de7-9781-ceaa9ffd9bd5
STEM,TECHNICAL STUDIES,"Biology,Geography,Metal Work",ST3098,c9ddf963-7cb2-433f-8f1b-31361b7d93f2
STEM,TECHNICAL STUDIES,"Chemistry,Geography,Metal Work",ST3099,4f8fabbd-a958-423a-a9ef-84c7c785f0e2
STEM,TECHNICAL STUDIES,"General Science,Geography,Metal Work",ST3100,ebc71ed6-23e4-4890-a2a0-91a862c5cbe0
STEM,TECHNICAL STUDIES,"Geography,Home Science,Metal Work",ST3101,aeb916c2-889c-499e-8ca8-d9f852aea72b
STEM,TECHNICAL STUDIES,"Geography,Marine & Fisheries,Metal Work",ST3102,e7a015af-a6f0-4a5d-8846-874fa0e9725a
STEM,TECHNICAL STUDIES,"Core Mathematics,Geography,Metal Work",ST3103,4e4f5773-4697-4d1b-8e13-13195be21cff
STEM,TECHNICAL STUDIES,"Geography,Media Technology,Metal Work",ST3104,62733251-9b38-4814-84d3-be61ed6d94ea
STEM,TECHNICAL STUDIES,"Geography,Metal Work,Physics",ST3105,0d236372-6293-49cb-8d0e-1debc5ce8248
STEM,TECHNICAL STUDIES,"Biology,Business Studies,Power Mechanics",ST3106,ae074524-0616-4255-be8a-ed60afcc2042
STEM,TECHNICAL STUDIES,"Business Studies,Chemistry,Power Mechanics",ST3107,3a38b1fd-fd3c-4013-a833-21d370e5eccd
STEM,TECHNICAL STUDIES,"Business Studies,Computer Studies,Power Mechanics",ST3108,c3b84936-1755-47e1-b7d5-37f8b4e7c2bc
STEM,TECHNICAL STUDIES,"Business Studies,General Science,Power Mechanics",ST3109,9e5aa477-f6ad-45d9-9ba4-c2f4743beec2
STEM,TECHNICAL STUDIES,"Business Studies,Geography,Power Mechanics",ST3110,8f3196be-2524-4dde-bacc-5b6cbd5407ee
STEM,TECHNICAL STUDIES,"Business Studies,Home Science,Power Mechanics",ST3111,f7310193-f786-4142-8728-0b58096e081a
STEM,TECHNICAL STUDIES,"Business Studies,Marine & Fisheries,Power Mechanics",ST3112,bf4049bb-062f-4c81-8d9e-b4d19425b92c
STEM,TECHNICAL STUDIES,"Core Mathematics,Business Studies,Power Mechanics",ST3113,76d441e3-6858-4685-a4b4-c6a83d50f6c7
STEM,TECHNICAL STUDIES,"Business Studies,Media Technology,Power Mechanics",ST3114,8e87ffba-fe64-423e-af0d-7082ed40b887
STEM,TECHNICAL STUDIES,"Business Studies,Physics,Power Mechanics",ST3115,8d5c9715-9138-4223-8799-321f3ed8b687
STEM,TECHNICAL STUDIES,"Computer Studies,General Science,Power Mechanics",ST3116,f9b764e7-70b0-451f-9e1e-045fe6c9f889
STEM,TECHNICAL STUDIES,"General Science,Home Science,Power Mechanics",ST3117,8ddfb07a-dd4e-4b73-98e2-399907b53a74
STEM,TECHNICAL STUDIES,"General Science,Marine & Fisheries,Power Mechanics",ST3118,18c91180-655f-4ada-978a-fabbefed2f1b
STEM,TECHNICAL STUDIES,"Core Mathematics,General Science,Power Mechanics",ST3119,f6d75808-f9d3-4d0c-a134-6fa185d8a607
STEM,TECHNICAL STUDIES,"Aviation,Geography,Media Technology",ST3120,28240eeb-8841-47a0-aabb-6b804c423a88
STEM,TECHNICAL STUDIES,"Aviation,Geography,Physics",ST3121,0780d596-0ac3-45a2-b0af-6c32303f2c4a
